1,2,3,4,5,6,7,8,9,10,11,12,13,14,15,16,17,18,19
0,169,0,383,201,224,0,24,1,4,1,213,204,0,171,290,12,0,0
66,303,0,441,77,167,0,0,1,4,1,306,102,0,120,45,10,1,0
65,129,0,411,21,219,0,79,0,4,1,10,34,0,114,54,10,1,0
87,498,0,291,63,344,0,70,0,4,1,186,29,0,183,0,10,2,0
101,183,0,233,88,411,0,65,1,0,1,149,56,0,158,270,0,3,0
145,123,0,25,206,513,0,16,0,0,2,153,160,0,67,0,7,4,0
147,480,0,432,319,161,0,59,0,0,1,323,197,0,170,0,10,4,0
146,436,0,372,137,16,0,77,0,4,1,516,197,0,170,0,10,4,0
193,229,0,389,127,620,0,76,0,4,1,779,136,0,165,0,0,6,0
192,204,0,388,103,398,0,76,1,4,1,775,158,0,124,0,10,6,0
196,468,0,97,0,502,0,74,0,4,1,508,197,0,170,0,10,6,0
194,406,0,171,0,481,0,75,0,4,1,230,153,0,193,0,10,6,0
195,467,0,22,98,473,0,65,0,0,1,947,171,0,174,279,10,6,0
197,495,0,118,219,577,0,79,0,4,1,573,136,0,165,316,10,6,0
311,142,0,303,342,555,0,69,0,4,1,324,197,0,170,0,0,7,0
312,325,0,113,0,621,0,77,0,4,1,457,136,0,165,0,10,7,0
313,359,0,140,0,147,0,69,0,4,1,570,29,0,183,0,10,7,0
315,472,0,421,208,337,0,72,0,4,1,940,2,0,180,319,10,7,0
314,428,0,257,0,325,0,72,1,4,2,595,136,0,165,321,10,7,0
89,265,0,401,367,104,0,45,0,4,1,311,145,0,229,0,3,10,0
394,431,0,443,221,326,0,50,1,4,1,917,107,0,31,0,10,11,0
109,321,0,53,270,485,0,57,0,0,1,377,20,0,156,0,10,12,0
168,167,0,159,2,201,0,55,1,4,1,183,140,0,192,115,10,13,0
189,380,0,302,13,394,0,54,0,4,1,45,83,0,236,259,11,16,0
126,513,0,196,267,624,0,57,0,4,1,427,193,0,212,0,10,17,0
178,121,0,434,0,418,0,37,0,4,1,766,87,0,159,0,10,20,0
283,510,0,194,233,64,0,52,0,4,1,469,166,0,101,0,0,22,0
395,119,0,382,62,402,0,25,1,4,1,332,160,0,66,0,4,23,0
181,260,0,97,297,389,0,10,0,0,1,446,87,0,159,0,10,24,0
215,230,0,194,94,465,0,26,0,4,2,864,201,0,177,293,10,25,0
293,273,0,337,246,292,0,52,0,4,1,242,188,0,211,0,10,26,0
13,430,0,196,61,169,0,61,0,4,1,914,211,0,64,38,10,27,0
95,317,0,22,223,369,0,58,0,4,1,751,46,0,5,166,10,28,0
166,394,0,166,370,371,0,55,1,0,1,741,200,0,107,0,0,29,0
854,11,0,380,291,133,0,77,1,4,1,907,28,0,131,0,10,30,0
173,474,0,262,88,474,0,47,1,4,1,483,173,0,59,0,10,31,0
6,447,0,123,279,641,0,61,0,4,1,152,6,0,237,242,0,35,0
131,294,0,234,365,130,0,56,1,4,1,920,140,0,192,31,10,36,0
161,332,0,218,205,157,1,55,1,4,1,36,85,0,27,151,12,37,0
834,297,0,306,252,83,0,51,0,4,1,673,22,0,216,0,14,40,0
14,479,0,180,89,248,0,33,1,4,1,549,186,0,231,262,10,44,0
301,203,0,312,71,450,0,52,1,4,1,16,95,0,135,232,20,46,0
122,285,0,257,53,360,0,57,1,4,1,216,25,0,217,261,0,47,0
27,374,0,453,257,33,0,61,0,0,1,492,74,0,44,0,10,48,0
191,298,0,275,83,450,0,54,0,0,1,123,49,0,111,0,10,49,0
277,125,0,382,95,514,2,60,1,4,1,295,109,0,205,0,0,50,0
206,514,0,323,0,182,0,48,0,4,1,951,19,0,214,0,10,51,0
285,424,0,10,308,545,0,52,0,4,1,395,131,0,207,244,10,52,0
284,9,0,361,249,376,0,52,0,4,1,781,45,0,68,0,12,52,0
479,179,0,383,387,327,0,38,1,4,1,625,10,0,113,57,10,54,0
8,238,0,364,0,77,0,47,0,4,1,99,121,0,226,0,10,55,0
9,267,0,44,368,451,0,31,1,4,1,202,19,0,214,255,10,55,0
182,381,0,2,175,8,0,53,0,0,1,287,184,0,105,0,10,56,0
43,245,0,220,357,402,0,45,0,4,1,357,162,0,38,146,10,57,0
554,290,0,374,9,270,0,49,1,4,1,146,142,0,209,0,23,58,0
291,451,0,243,318,153,0,45,0,4,1,704,138,0,93,0,0,59,0
290,251,0,33,252,156,0,52,2,3,2,546,26,0,172,296,0,59,0
133,508,0,418,0,489,0,45,1,4,1,250,121,0,226,0,10,61,0
163,309,0,22,162,347,0,52,0,4,1,785,5,0,1,149,10,62,0
110,375,0,363,389,557,0,57,1,4,1,637,109,0,205,0,10,64,0
221,222,0,150,0,609,0,73,0,4,1,911,94,0,204,0,0,66,0
46,173,0,344,192,8,0,60,1,0,1,955,115,0,90,110,0,69,0
299,401,0,51,188,23,0,52,0,4,1,750,170,0,210,0,10,70,0
298,243,0,343,227,190,0,52,0,4,1,503,79,0,185,59,12,70,0
49,134,0,154,53,320,0,55,0,4,1,884,176,0,39,0,10,72,0
228,184,0,361,190,475,0,58,0,4,1,877,211,0,64,0,10,73,0
229,264,0,382,154,423,0,53,1,4,1,95,199,0,234,245,10,73,0
240,19,0,455,229,476,0,51,1,4,1,872,61,0,52,332,0,74,0
241,427,0,22,370,318,0,72,0,0,1,736,162,0,38,147,10,74,0
893,253,0,50,415,387,0,51,0,4,2,742,161,0,37,0,25,75,0
20,484,0,4,0,541,0,61,0,0,1,814,65,0,80,0,10,76,0
21,487,0,331,0,639,0,61,0,4,1,362,47,0,219,0,10,76,0
98,181,0,212,0,84,0,58,1,0,1,735,122,0,189,0,10,78,0
259,155,0,237,365,240,0,53,0,4,1,657,158,0,124,56,10,79,0
61,497,0,235,303,271,0,60,0,4,1,519,135,0,35,292,10,81,0
38,383,0,194,392,334,0,60,0,4,1,562,0,0,0,0,10,83,0
343,435,0,315,53,238,0,0,0,4,1,901,203,0,108,123,0,84,0
340,304,0,259,0,318,0,4,0,4,1,221,203,0,108,124,0,84,0
336,36,0,371,252,233,0,10,1,4,1,611,98,0,29,0,10,84,0
342,393,0,0,408,570,0,76,1,4,1,495,7,0,72,0,10,84,0
341,324,0,435,160,175,0,74,0,4,1,462,203,0,108,0,10,84,0
338,90,0,357,382,623,0,74,0,4,1,856,112,0,32,1,10,84,0
344,489,0,310,299,282,0,69,0,4,1,675,103,0,188,89,10,84,0
337,66,0,37,363,408,0,77,0,4,1,802,124,0,34,186,10,84,0
345,491,0,288,387,36,0,75,0,4,1,738,147,0,141,216,10,84,0
339,228,0,166,86,9,0,75,1,4,1,699,124,0,34,184,21,84,0
74,288,0,130,103,174,0,59,0,0,1,679,76,0,82,0,0,85,0
364,239,0,395,252,39,0,78,0,4,1,273,146,0,57,330,0,86,0
362,28,0,171,80,165,0,3,0,4,1,776,150,0,10,0,10,86,0
365,471,0,22,53,379,0,75,0,4,1,586,17,0,47,0,10,86,0
366,493,0,71,320,152,0,72,1,4,1,524,7,0,72,0,10,86,0
363,52,0,453,309,361,0,75,1,4,1,255,18,0,21,1,10,86,0
207,323,0,374,5,595,0,66,1,0,1,116,84,0,85,85,0,87,0
382,40,1,215,160,262,0,10,0,4,1,798,207,0,16,0,10,88,0
383,83,0,315,252,440,0,74,0,4,1,373,98,0,29,0,10,88,0
385,365,0,12,103,603,0,73,0,4,1,486,168,0,102,0,10,88,0
384,341,0,400,387,496,0,72,0,4,1,531,180,0,126,37,10,88,0
209,283,0,402,2,478,0,53,0,4,1,143,126,0,206,0,10,90,0
409,178,0,116,257,212,0,74,0,4,1,144,37,0,74,0,0,91,0
411,194,0,285,26,172,0,74,0,4,1,145,76,0,82,0,0,91,0
429,456,0,392,0,158,0,76,1,4,1,391,115,0,90,0,0,91,0
400,22,0,446,286,122,0,10,0,4,1,382,207,0,17,0,10,91,0
399,21,0,331,80,122,0,74,0,4,1,743,207,0,17,0,10,91,0
401,62,0,452,221,318,0,10,1,4,1,297,207,0,18,0,10,91,0
404,108,0,347,295,588,0,10,1,4,1,644,207,0,18,0,10,91,0
402,71,0,206,0,369,0,10,1,4,1,927,98,0,29,0,10,91,0
424,398,0,259,0,89,0,77,0,4,1,6,17,0,47,0,10,91,0
419,330,0,233,160,510,1,64,1,4,1,129,146,0,57,0,10,91,0
416,287,0,360,177,561,1,73,1,4,1,891,146,0,57,0,10,91,0
410,180,0,162,190,610,0,79,1,4,1,709,173,0,60,0,10,91,0
415,284,0,436,88,375,0,72,0,4,1,646,37,0,74,0,10,91,0
408,175,0,315,365,441,0,72,0,4,1,57,96,0,88,0,10,91,0
428,448,0,235,190,112,0,74,0,4,1,499,168,0,102,0,10,91,0
413,258,0,315,213,642,0,73,0,4,1,117,203,0,108,0,10,91,0
430,461,1,215,103,431,0,0,0,4,1,313,35,0,115,0,10,91,0
423,378,0,254,0,13,0,74,1,4,1,485,35,0,115,0,10,91,0
418,302,0,349,122,450,0,72,1,4,1,733,35,0,115,0,10,91,0
427,437,0,412,220,593,0,74,0,4,1,42,132,0,140,0,10,91,0
405,130,0,171,203,641,0,76,0,4,1,946,147,0,141,0,10,91,0
421,361,0,440,109,318,0,79,0,4,1,368,156,0,142,0,10,91,0
398,2,0,46,2,44,0,75,1,4,1,318,18,0,21,1,10,91,0
426,420,0,48,0,377,0,76,0,4,1,403,18,0,21,1,10,91,0
420,336,0,148,0,202,0,77,1,4,1,574,18,0,21,1,10,91,0
407,159,0,94,288,259,0,74,0,4,1,18,99,0,179,60,10,91,0
417,289,0,245,79,69,0,72,0,4,1,466,99,0,178,63,10,91,0
406,154,0,232,410,244,0,73,1,4,1,903,182,0,42,175,10,91,0
403,89,0,315,400,612,0,73,0,4,1,294,82,0,26,196,10,91,0
414,278,0,232,136,332,0,63,1,4,1,865,156,0,142,217,10,91,0
431,483,0,303,139,511,0,73,0,4,1,815,156,0,142,224,10,91,0
425,411,0,439,388,375,0,72,0,4,1,310,195,0,144,233,10,91,0
422,362,0,278,0,143,0,78,0,4,1,684,146,0,57,329,10,91,0
412,216,0,441,103,17,0,10,1,4,1,929,207,0,15,0,23,91,0
489,193,0,112,0,259,0,78,0,4,1,500,115,0,90,0,0,92,0
485,77,0,368,160,406,0,75,1,4,1,101,111,0,7,0,10,92,0
487,107,0,342,0,587,0,10,0,4,1,824,111,0,7,0,10,92,0
492,457,1,331,47,208,0,10,0,4,1,182,174,0,11,0,10,92,0
483,26,0,315,176,162,0,75,0,4,1,651,207,0,18,0,10,92,0
488,150,0,457,229,395,0,75,0,4,1,440,132,0,140,0,10,92,0
491,443,0,315,193,632,0,68,0,4,1,366,195,0,144,0,10,92,0
484,74,0,353,0,486,0,74,0,4,1,852,124,0,34,1,10,92,0
486,84,0,235,390,573,0,73,0,4,1,933,18,0,20,19,10,92,0
490,360,0,225,192,483,0,78,1,4,1,632,124,0,34,185,10,92,0
482,7,0,107,341,59,0,73,0,4,1,601,50,0,22,203,10,92,0
527,462,0,13,387,124,0,70,0,4,1,596,76,0,82,0,0,93,0
518,162,0,409,257,45,0,79,0,4,1,392,203,0,108,122,0,93,0
508,23,0,19,230,125,0,71,0,4,1,585,33,0,3,0,10,93,0
511,45,0,0,221,280,0,10,1,4,1,942,33,0,3,0,10,93,0
510,42,0,95,342,268,0,72,0,4,1,823,111,0,7,0,10,93,0
514,80,0,207,286,419,0,10,0,4,1,551,150,0,10,0,10,93,0
515,103,0,322,312,548,0,72,0,4,2,783,207,0,15,0,10,93,0
516,117,0,35,221,646,0,10,0,4,1,688,98,0,29,0,10,93,0
519,197,0,205,53,160,0,76,1,4,1,835,1,0,112,0,10,93,0
517,131,0,168,242,261,0,73,0,4,1,913,113,0,136,0,10,93,0
520,202,0,337,338,492,0,1,0,4,1,854,18,0,20,1,10,93,0
509,33,0,145,193,270,0,77,0,4,1,925,18,0,20,1,10,93,0
513,63,0,393,128,397,0,0,0,4,1,179,124,0,34,1,10,93,0
523,318,0,452,97,139,0,74,1,4,1,638,18,0,21,14,10,93,0
526,446,0,156,289,6,0,75,0,4,1,463,71,0,25,28,10,93,0
521,279,0,95,360,571,0,77,0,4,1,910,99,0,179,72,10,93,0
522,295,0,31,41,579,0,72,0,4,1,308,71,0,25,143,10,93,0
528,482,0,109,86,253,0,77,0,4,1,246,18,0,20,157,10,93,0
512,46,0,286,190,280,0,77,0,4,1,942,33,0,3,171,10,93,0
525,387,0,22,241,335,0,63,0,0,1,694,156,0,142,230,10,93,0
524,369,0,326,323,554,0,79,1,4,1,159,18,0,21,12,23,93,0
75,232,0,218,405,56,1,32,1,4,1,648,18,0,21,0,10,94,0
560,252,0,341,0,262,0,76,0,4,1,556,115,0,90,0,0,95,0
561,280,0,141,122,150,0,0,0,4,1,722,203,0,108,0,0,95,0
557,138,0,285,252,480,0,10,0,4,1,286,111,0,7,0,10,95,0
562,333,1,215,53,84,0,10,0,4,1,772,207,0,16,0,10,95,0
564,488,0,151,0,123,0,5,0,4,1,0,66,0,81,0,10,95,0
566,500,0,393,58,108,0,67,0,0,1,502,4,0,129,0,10,95,0
559,199,0,232,187,92,0,73,1,4,1,828,195,0,144,0,10,95,0
556,51,0,461,402,352,0,73,0,4,1,319,18,0,20,1,10,95,0
555,38,0,138,229,306,0,75,0,4,1,739,18,0,20,26,10,95,0
565,494,0,279,88,515,0,73,1,4,1,810,182,0,42,177,10,95,0
563,379,0,166,182,279,1,71,1,4,1,523,195,0,144,234,10,95,0
558,151,0,149,290,317,0,74,0,4,1,690,132,0,140,237,20,95,0
598,143,0,84,320,39,0,72,1,4,1,893,146,0,57,0,0,98,0
609,408,0,241,122,638,0,4,1,4,1,80,80,0,84,0,0,98,0
607,344,0,9,190,234,0,77,0,4,1,223,177,0,103,0,0,98,0
600,170,0,331,122,241,0,2,0,4,1,725,177,0,103,0,0,98,0
603,246,0,258,0,571,0,9,1,4,1,437,203,0,108,0,0,98,0
606,329,0,228,292,375,0,72,0,4,1,726,209,0,110,0,0,98,0
593,69,1,338,160,352,0,10,0,4,1,858,11,0,2,0,10,98,0
594,78,0,179,286,409,0,10,0,4,1,943,194,0,12,0,10,98,0
595,110,1,214,286,601,0,75,0,4,1,550,207,0,15,0,10,98,0
590,48,1,360,299,282,0,10,0,4,1,555,207,0,15,0,10,98,0
588,6,0,350,221,43,0,75,1,4,2,806,207,0,17,0,10,98,0
592,64,0,394,103,331,0,10,1,4,1,138,207,0,18,0,10,98,0
596,111,0,417,221,602,0,76,1,4,1,198,207,0,18,0,10,98,0
591,57,0,70,0,318,0,74,1,4,1,408,207,0,18,0,10,98,0
589,47,1,102,288,281,0,10,0,4,1,493,207,0,18,0,10,98,0
611,441,0,269,88,556,0,0,0,4,1,567,38,0,51,0,10,98,0
604,296,0,60,53,151,0,72,0,4,1,215,168,0,102,0,10,98,0
610,416,0,394,103,402,0,77,1,4,1,147,35,0,115,0,10,98,0
608,376,0,285,171,464,0,78,0,4,1,930,195,0,144,0,10,98,0
599,168,0,315,76,515,0,75,0,4,1,510,18,0,20,1,10,98,0
597,136,0,34,278,412,0,0,0,4,1,218,18,0,20,30,10,98,0
601,172,0,309,0,505,0,72,1,4,1,656,103,0,188,90,10,98,0
602,237,0,250,110,588,0,70,1,4,1,422,156,0,142,219,10,98,0
605,310,0,54,252,437,0,74,0,4,1,67,189,0,61,307,10,98,0
134,262,0,68,184,103,1,56,1,4,1,770,68,0,118,0,0,99,0
636,300,0,308,0,450,0,75,0,4,1,459,93,0,87,0,0,100,0
649,465,0,215,320,2,0,10,1,4,1,916,115,0,90,0,0,100,0
633,165,0,270,0,260,1,73,1,4,1,568,143,0,94,0,0,100,0
647,409,0,121,0,458,0,73,0,4,1,843,166,0,101,0,0,100,0
637,301,0,268,174,116,0,73,1,4,1,849,65,0,80,84,0,100,0
628,27,0,280,53,163,0,72,0,4,2,655,207,0,18,0,10,100,0
638,307,0,24,81,260,0,75,1,4,1,161,35,0,115,0,10,100,0
648,450,0,106,0,262,0,78,1,4,1,21,206,0,128,0,10,100,0
631,149,0,265,0,607,0,62,0,4,1,41,206,0,128,0,10,100,0
635,259,0,313,320,222,0,62,0,4,1,285,206,0,128,0,10,100,0
641,372,0,71,53,253,1,66,1,4,1,834,206,0,128,0,10,100,0
632,156,0,361,0,481,0,74,0,4,1,839,206,0,128,0,10,100,0
642,382,0,161,365,153,1,70,1,4,1,840,206,0,128,0,10,100,0
651,486,0,436,299,159,0,73,0,4,1,1,195,0,144,0,10,100,0
629,37,0,15,46,295,0,73,1,4,1,660,18,0,21,1,10,100,0
639,349,0,58,108,248,0,75,1,4,1,837,69,0,23,1,10,100,0
630,65,0,304,262,407,0,77,0,4,1,575,18,0,20,11,10,100,0
640,357,1,56,225,121,0,74,0,4,2,723,7,0,72,43,10,100,0
646,402,0,374,0,537,0,77,1,4,1,512,99,0,179,65,10,100,0
645,397,0,233,115,218,0,76,1,4,1,636,18,0,21,209,10,100,0
652,504,0,234,5,4,1,76,1,4,1,900,18,0,21,213,10,100,0
644,392,0,89,0,317,0,67,1,4,1,730,4,0,129,214,10,100,0
643,386,0,334,90,205,0,5,0,4,1,336,146,0,57,328,10,100,0
634,257,0,76,337,435,0,66,0,4,1,329,195,0,144,0,20,100,0
650,485,0,340,190,425,0,74,0,4,1,922,17,0,47,0,23,100,0
718,319,0,396,21,213,0,75,0,4,1,37,93,0,87,0,0,103,0
709,255,0,430,0,600,0,74,0,4,1,693,115,0,90,0,0,103,0
716,311,0,309,21,410,0,2,0,0,1,283,137,0,92,0,0,103,0
706,213,0,33,0,6,0,76,0,4,1,748,166,0,101,0,0,103,0
705,207,0,141,252,294,0,70,0,4,1,304,203,0,108,0,0,103,0
725,368,0,273,158,410,0,74,0,4,1,713,91,0,86,77,0,103,0
683,43,0,233,252,277,1,10,1,4,1,813,11,0,2,0,10,103,0
678,1,0,438,0,34,0,75,1,4,1,569,150,0,10,0,10,103,0
693,99,1,46,160,528,0,10,0,4,1,896,150,0,10,0,10,103,0
686,55,0,215,66,305,0,10,1,4,1,822,207,0,13,0,10,103,0
679,24,0,295,352,140,0,10,0,4,1,334,207,0,14,0,10,103,0
689,86,1,158,103,472,0,76,0,4,1,303,207,0,15,0,10,103,0
708,247,1,294,160,286,0,10,0,4,1,110,207,0,17,0,10,103,0
695,105,0,8,0,552,0,75,0,4,2,322,207,0,19,0,10,103,0
692,96,0,385,0,522,0,72,1,4,1,358,207,0,19,0,10,103,0
691,95,1,371,221,521,0,10,0,4,1,939,207,0,19,0,10,103,0
711,268,0,18,281,516,0,74,0,4,1,172,18,0,20,0,10,103,0
696,112,0,365,286,604,0,10,0,4,1,107,98,0,29,0,10,103,0
702,166,0,342,286,374,0,10,0,4,1,850,98,0,29,0,10,103,0
713,277,0,335,197,6,0,71,1,4,1,419,38,0,51,0,10,103,0
726,391,0,239,88,3,0,1,0,4,1,791,38,0,51,0,10,103,0
722,356,0,234,320,430,0,77,1,4,1,594,89,0,55,0,10,103,0
733,432,0,360,387,363,0,10,0,4,1,615,100,0,56,0,10,103,0
698,137,0,297,316,643,0,73,0,4,1,436,146,0,57,0,10,103,0
740,509,0,12,379,108,0,77,0,4,1,72,110,0,89,0,10,103,0
735,464,0,215,299,538,1,73,1,4,1,645,178,0,104,0,10,103,0
727,399,0,196,274,320,0,77,0,4,1,269,209,0,110,0,10,103,0
710,256,0,215,21,529,0,72,1,4,1,807,125,0,122,0,10,103,0
721,353,0,33,0,24,0,3,0,4,1,253,206,0,128,0,10,103,0
714,305,0,102,320,21,0,74,1,4,1,792,206,0,128,0,10,103,0
719,328,0,60,264,588,0,74,0,4,1,855,113,0,136,0,10,103,0
728,403,0,167,14,487,0,77,0,4,1,386,195,0,144,0,10,103,0
723,358,0,256,133,73,0,72,0,4,1,579,195,0,144,0,10,103,0
724,363,0,452,5,217,0,75,1,4,1,696,195,0,144,0,10,103,0
687,75,0,303,59,498,0,73,0,4,1,416,18,0,20,1,10,103,0
730,422,0,38,235,12,0,75,0,4,1,895,18,0,21,1,10,103,0
731,423,0,8,370,218,0,74,0,4,1,908,18,0,21,1,10,103,0
732,426,0,397,349,11,0,74,1,4,1,232,73,0,21,1,10,103,0
685,53,0,22,229,362,0,74,0,4,1,87,71,0,25,1,10,103,0
682,34,0,60,310,278,0,79,0,4,1,103,71,0,25,1,10,103,0
684,44,0,252,71,329,0,73,1,4,1,879,112,0,32,1,10,103,0
717,315,0,209,396,105,0,76,0,4,1,219,18,0,21,13,10,103,0
734,455,0,60,34,198,0,76,0,4,1,148,18,0,20,16,10,103,0
703,190,0,8,118,163,0,77,0,4,1,564,18,0,20,24,10,103,0
688,82,0,63,108,527,0,76,1,4,1,763,112,0,32,27,10,103,0
720,340,0,382,108,47,0,78,1,4,1,131,18,0,21,29,10,103,0
715,308,0,146,0,191,0,74,0,4,1,176,99,0,178,67,10,103,0
736,466,0,133,25,359,0,69,0,4,1,904,99,0,178,71,10,103,0
704,200,0,452,355,8,0,73,1,4,1,173,206,0,128,127,10,103,0
737,476,0,35,266,223,0,0,0,4,1,606,18,0,20,131,10,103,0
681,32,0,342,260,266,0,72,0,4,1,245,18,0,20,155,10,103,0
694,102,0,393,365,535,0,74,0,4,1,185,207,0,14,169,10,103,0
700,157,0,242,285,637,0,77,0,4,1,819,71,0,25,176,10,103,0
690,91,0,22,256,627,0,73,0,4,1,94,124,0,34,182,10,103,0
680,25,0,274,397,180,0,77,0,4,1,583,112,0,32,189,10,103,0
707,217,0,33,356,109,0,74,0,4,1,361,71,0,25,191,10,103,0
712,274,0,341,147,508,0,73,0,4,1,590,18,0,20,206,10,103,0
699,148,0,318,239,292,0,72,0,4,1,188,156,0,142,222,10,103,0
738,492,0,452,56,292,0,74,1,4,1,188,156,0,142,222,10,103,0
729,407,0,285,139,1,0,74,0,4,1,264,146,0,57,323,10,103,0
739,496,0,36,364,57,0,1,0,4,1,566,100,0,56,325,10,103,0
697,126,0,416,301,234,0,30,0,4,1,497,189,0,61,308,22,103,0
701,163,0,36,302,152,0,78,0,4,1,937,18,0,20,0,23,103,0
76,97,0,266,386,544,0,59,2,0,2,643,67,0,133,239,0,104,0
835,405,0,191,257,405,0,69,0,4,1,761,35,0,115,0,10,105,0
848,153,0,97,208,68,0,76,0,4,1,46,110,0,89,0,10,106,0
849,338,0,372,2,642,0,69,0,4,1,342,203,0,108,0,10,106,0
222,15,0,110,339,352,0,53,1,4,1,456,44,0,157,303,10,107,0
853,469,0,382,221,524,0,78,1,4,1,640,195,0,144,0,10,108,0
169,449,0,110,0,496,0,76,1,4,1,432,180,0,126,0,10,110,0
855,161,0,234,221,277,0,51,1,4,1,68,203,0,108,0,10,111,0
856,434,0,316,370,176,0,72,0,4,1,187,156,0,142,0,10,111,0
857,473,0,1,367,641,0,72,0,4,1,678,156,0,142,0,10,111,0
115,366,0,75,0,608,0,57,0,0,1,921,181,0,41,0,0,112,0
862,174,0,285,395,516,0,72,0,4,1,359,195,0,144,238,10,114,0
872,373,0,275,257,13,0,78,0,4,1,388,149,0,96,0,10,115,0
894,210,0,95,103,500,0,75,0,4,1,32,168,0,102,0,0,116,0
83,269,0,226,387,74,0,59,1,4,1,758,57,0,151,0,0,119,0
26,201,0,285,11,317,0,61,0,4,1,93,142,0,209,0,10,121,0
5,12,0,63,116,303,1,28,1,0,1,449,185,0,169,0,10,123,0
90,176,0,355,190,273,0,10,0,0,1,352,57,0,150,0,0,124,0
92,327,0,449,117,154,0,58,1,4,2,464,57,0,152,285,10,125,0
210,271,0,458,399,301,0,74,0,4,1,369,134,0,123,48,10,126,0
132,452,0,452,89,185,0,56,1,4,1,765,39,0,201,0,10,127,0
294,478,0,224,229,294,0,52,1,0,1,665,193,0,212,0,10,128,0
219,291,0,345,121,527,0,53,0,4,1,431,205,0,109,39,10,129,0
138,334,0,72,183,144,0,56,0,4,1,40,72,0,202,243,10,130,0
297,293,0,57,236,357,0,52,1,4,1,74,30,0,73,0,10,132,0
230,206,0,396,363,11,0,53,0,4,1,774,36,0,132,231,0,133,0
234,186,0,22,27,235,0,53,0,4,1,853,139,0,227,0,10,134,0
24,458,0,248,0,382,0,61,1,4,1,400,140,0,191,119,23,137,0
129,242,0,141,221,348,0,56,0,0,1,109,169,0,167,0,10,138,0
162,209,0,229,362,66,0,55,0,4,1,251,57,0,152,0,20,139,0
108,4,0,230,167,197,0,57,0,0,1,401,45,0,70,0,13,140,0
186,502,0,36,190,111,0,54,0,4,2,360,60,0,78,129,10,142,0
77,506,0,348,194,459,0,59,0,4,1,452,198,0,145,0,0,143,0
116,354,0,315,195,367,0,57,0,4,2,262,210,0,63,310,14,145,0
18,512,0,64,72,75,0,61,0,4,1,544,74,0,45,0,10,148,0
53,188,0,36,2,101,0,60,0,4,1,178,81,0,186,49,10,149,0
248,414,0,381,342,413,0,53,0,4,1,249,74,0,46,0,13,150,0
127,339,0,35,239,40,0,57,0,4,1,859,40,0,218,241,10,152,0
28,389,0,85,132,312,0,39,0,4,1,196,133,0,9,170,4,153,0
380,384,0,378,0,255,0,67,0,4,1,24,179,0,196,102,10,155,0
475,400,0,404,215,170,0,34,0,0,2,689,31,0,200,247,10,157,0
586,413,0,363,157,168,0,18,1,4,2,543,86,0,28,0,21,159,0
10,412,0,95,352,18,0,61,0,4,1,151,140,0,192,120,19,160,0
184,182,0,315,228,479,0,54,0,4,1,647,176,0,39,0,10,161,0
12,419,0,17,293,177,0,14,0,0,2,923,130,0,190,40,12,162,0
672,140,0,110,0,234,0,70,0,4,1,924,173,0,59,0,0,163,0
187,198,0,315,365,498,0,53,0,4,1,385,81,0,186,50,6,164,0
172,364,0,99,140,401,0,55,0,0,1,208,66,0,81,0,0,165,0
891,29,1,371,103,196,0,10,0,4,1,162,207,0,15,0,0,166,0
54,490,0,39,144,283,0,60,1,4,1,451,128,0,138,0,0,167,0
174,444,0,10,328,97,0,72,0,4,1,460,22,0,216,0,10,168,0
56,404,0,164,169,12,0,60,0,4,1,20,15,0,199,0,10,169,0
125,445,0,163,65,451,0,57,1,4,1,114,83,0,223,304,4,170,0
142,135,0,379,125,106,0,56,1,4,1,762,154,0,36,0,0,171,0
176,385,0,15,223,227,0,36,1,4,1,695,208,0,197,0,10,172,0
63,205,0,286,315,584,0,74,0,4,1,353,127,0,8,0,0,174,0
278,425,0,219,359,534,0,53,0,4,1,662,43,0,4,150,8,175,0
381,98,0,280,238,633,0,66,0,4,2,447,12,0,130,0,0,176,0
179,415,0,264,67,317,0,53,0,0,1,69,165,0,173,294,10,177,0
211,223,0,405,320,640,0,53,0,4,1,71,108,0,224,256,0,178,0
42,410,0,444,73,317,0,60,1,4,1,209,142,0,209,0,10,179,0
287,196,0,103,160,107,1,52,1,0,1,869,57,0,155,0,16,180,0
106,152,0,119,278,85,0,57,1,4,1,537,183,0,127,0,0,181,0
507,158,0,313,342,255,0,67,0,4,1,680,99,0,179,103,10,182,0
214,132,0,382,134,176,0,47,1,4,1,681,123,0,33,0,10,183,0
139,370,0,188,0,373,0,56,0,4,1,768,3,0,238,0,10,185,0
861,286,0,90,384,134,0,45,0,0,1,740,135,0,35,0,13,187,0
117,263,0,156,103,470,0,57,0,0,1,676,57,0,152,287,10,188,0
170,316,0,231,413,478,0,55,0,4,1,954,126,0,206,0,10,189,0
863,13,0,445,2,10,0,51,1,4,1,744,27,0,148,0,4,190,0
79,218,0,386,0,523,0,58,0,0,1,861,57,0,153,0,10,191,0
80,337,0,186,0,558,0,59,0,4,1,731,140,0,192,112,0,192,0
188,475,0,20,88,631,0,54,0,4,1,76,167,0,230,0,10,196,0
306,438,0,133,190,111,0,52,0,0,1,231,74,0,45,0,10,197,0
308,118,0,196,314,399,0,52,0,4,1,118,98,0,29,0,15,199,0
57,208,0,218,103,60,2,60,1,4,1,831,27,0,147,0,10,200,0
143,282,0,370,237,287,0,56,0,4,1,8,54,0,117,0,0,201,0
33,395,0,411,259,547,0,27,0,4,1,277,14,0,213,254,0,202,0
29,116,0,218,161,539,0,30,1,0,2,380,18,0,21,0,7,202,0
30,171,0,90,373,568,0,29,0,4,1,769,150,0,10,0,10,202,0
31,191,0,421,8,70,0,48,0,0,1,102,169,0,167,0,10,202,0
32,240,0,420,105,311,0,40,1,0,1,563,57,0,153,299,10,202,0
36,215,0,183,12,536,0,43,0,0,1,729,206,0,128,125,10,203,0
3,331,0,172,394,27,0,38,0,0,1,190,106,0,162,0,0,204,0
4,505,0,330,218,78,0,35,0,4,1,402,201,0,177,0,17,204,0
393,233,0,339,229,4,0,51,0,4,1,261,59,0,222,257,10,206,0
7,351,0,3,64,204,0,20,0,2,1,83,92,0,187,291,23,207,0
286,511,0,407,247,499,0,51,0,3,0,518,18,0,21,145,18,208,0
476,120,0,240,345,468,0,17,1,4,1,514,160,0,65,0,10,209,0
477,270,0,122,0,263,0,74,1,4,1,29,206,0,128,0,10,209,0
180,281,0,249,325,559,0,54,0,4,1,44,175,0,143,0,0,210,0
93,326,0,324,78,55,0,57,0,0,1,355,57,0,150,297,10,213,0
676,377,0,303,241,429,0,50,0,4,1,796,90,0,134,0,0,214,0
94,241,0,73,307,433,0,57,1,4,1,22,199,0,234,246,15,216,0
164,17,0,50,221,321,0,55,0,4,1,701,27,0,149,0,15,217,0
220,177,0,126,52,199,0,52,0,4,1,351,166,0,101,0,0,218,0
842,249,0,52,221,454,0,78,0,4,1,199,203,0,108,0,0,219,0
838,76,0,278,342,406,0,22,0,4,1,812,111,0,7,0,10,219,0
839,104,0,46,2,551,0,10,1,4,1,712,98,0,29,0,10,219,0
844,470,0,161,10,6,0,76,1,4,1,309,38,0,51,0,10,219,0
841,231,0,442,387,62,0,72,1,4,1,957,89,0,55,0,10,219,0
840,187,0,185,342,437,0,72,1,4,1,935,1,0,112,0,10,219,0
843,292,0,210,29,391,0,1,0,4,1,228,147,0,141,220,10,219,0
223,463,0,298,342,221,0,76,0,4,1,612,178,0,104,0,10,222,0
114,227,0,392,160,210,0,56,1,4,1,548,144,0,228,253,10,223,0
864,127,0,296,164,61,0,76,0,4,1,867,71,0,25,174,10,224,0
231,390,0,191,257,155,0,69,0,0,1,949,91,0,86,109,0,227,0
867,212,0,61,112,460,0,43,0,4,1,191,31,0,200,0,0,228,0
868,313,0,432,0,88,0,65,0,4,1,887,35,0,115,0,10,228,0
236,453,0,315,25,81,0,79,0,4,1,90,91,0,86,76,0,229,0
235,10,0,215,88,322,0,54,1,4,1,243,88,0,203,260,10,229,0
879,101,0,388,0,535,0,10,1,4,1,185,207,0,14,0,10,230,0
878,94,0,145,268,521,0,78,0,4,1,553,207,0,19,0,10,230,0
882,418,0,244,0,498,0,1,0,4,1,875,71,0,25,0,10,230,0
880,189,1,334,53,424,0,10,0,4,1,724,98,0,29,0,10,230,0
881,306,0,293,295,285,0,74,1,4,1,572,38,0,51,0,10,230,0
877,61,0,97,269,385,0,78,0,4,1,258,18,0,21,1,10,230,0
875,30,0,203,348,257,0,76,1,4,1,599,18,0,20,23,10,230,0
876,54,0,315,122,305,0,73,0,4,1,211,98,0,29,173,10,230,0
242,128,0,441,342,135,1,78,1,0,1,889,163,0,100,86,10,231,0
302,250,0,277,243,114,0,51,0,4,1,448,21,0,215,252,0,232,0
892,144,0,370,346,71,0,28,0,4,2,257,63,0,79,306,1,233,0
244,272,0,396,21,212,0,77,0,4,1,956,137,0,92,44,10,234,0
898,261,0,205,0,153,0,73,1,4,1,851,99,0,179,0,10,235,0
897,72,0,67,0,455,0,3,1,4,1,526,71,0,25,5,10,235,0
250,439,0,131,371,110,0,79,0,4,1,838,66,0,81,78,0,236,0
249,235,0,275,257,232,0,2,0,4,1,778,65,0,80,82,10,236,0
304,350,0,403,403,343,0,44,0,4,1,241,116,0,137,0,0,237,0
903,145,0,117,0,124,0,10,0,4,2,505,98,0,29,0,10,238,0
904,348,0,380,222,349,0,50,1,4,1,756,3,0,238,0,10,238,0
902,81,0,331,400,518,0,75,0,4,1,168,18,0,20,1,10,238,0
55,0,0,390,190,404,0,59,0,4,1,504,187,0,168,0,0,239,0
81,417,0,453,299,317,1,59,1,0,1,43,137,0,92,0,10,240,0
123,459,0,54,49,248,0,61,0,4,1,534,57,0,150,283,10,241,0
906,92,0,27,405,629,0,76,1,4,1,407,50,0,22,1,10,242,0
905,20,0,303,400,144,0,77,0,4,1,894,69,0,23,1,10,242,0
907,225,0,285,244,629,0,77,0,4,1,279,99,0,179,64,10,242,0
908,226,0,387,229,527,0,73,1,4,1,706,18,0,21,210,10,242,0
254,236,0,405,277,603,0,52,0,4,1,321,74,0,44,0,10,243,0
255,342,0,326,320,20,0,76,1,4,1,73,66,0,81,81,10,243,0
256,352,0,115,147,441,0,74,0,4,1,811,209,0,110,111,10,243,0
918,79,1,371,160,416,0,10,0,4,1,517,207,0,19,0,3,244,0
917,68,0,315,353,351,0,74,0,4,2,441,207,0,17,0,10,244,0
919,93,0,47,286,520,0,10,0,4,1,545,207,0,19,0,10,244,0
916,59,0,141,332,383,0,0,0,4,1,716,50,0,22,0,10,244,0
921,429,0,315,13,176,0,46,0,4,1,293,19,0,214,0,10,244,0
920,312,0,93,0,53,0,52,1,4,1,692,19,0,214,0,10,244,0
82,248,0,415,370,455,0,59,1,4,1,207,70,0,24,331,0,245,0
260,440,0,91,160,392,0,55,1,4,1,890,195,0,144,229,10,246,0
926,41,1,215,122,265,0,10,0,4,1,714,150,0,10,0,10,247,0
927,50,0,211,146,350,0,75,0,4,1,557,50,0,22,1,10,247,0
928,70,0,49,0,358,0,73,0,4,1,314,207,0,14,168,10,247,0
23,139,0,110,370,248,0,59,1,4,1,915,176,0,40,0,10,248,0
959,276,0,315,0,320,0,70,0,4,1,299,65,0,80,0,0,250,0
937,39,0,303,260,259,0,49,0,4,1,870,33,0,3,0,10,250,0
941,60,0,301,299,318,0,78,0,4,2,121,111,0,7,0,10,250,0
957,234,1,78,103,601,0,10,0,4,1,501,207,0,13,0,10,250,0
949,113,0,414,21,616,0,10,1,4,1,703,207,0,13,0,10,250,0
936,35,0,454,272,226,0,72,1,4,1,387,207,0,14,0,10,250,0
954,219,0,372,385,239,0,73,0,4,2,133,207,0,15,0,10,250,0
945,88,0,342,336,501,0,10,0,4,1,654,207,0,15,0,10,250,0
934,16,0,233,53,84,0,10,1,4,1,772,207,0,16,0,10,250,0
960,322,0,57,331,272,1,75,1,4,2,120,207,0,17,0,10,250,0
946,100,0,144,139,532,0,10,1,4,1,584,207,0,18,0,10,250,0
953,214,1,441,190,340,0,10,0,4,1,175,207,0,19,0,10,250,0
935,31,1,441,342,207,0,10,0,4,1,578,207,0,19,0,10,250,0
947,106,0,132,124,575,0,10,0,4,1,672,207,0,19,0,10,250,0
942,67,0,427,53,339,0,10,1,4,1,926,207,0,19,0,10,250,0
951,192,0,374,320,494,0,10,1,4,1,30,98,0,29,0,10,250,0
939,56,0,351,0,311,0,10,0,4,1,224,98,0,29,0,10,250,0
944,87,0,125,286,495,0,10,0,4,1,629,98,0,29,0,10,250,0
948,109,0,74,286,594,0,10,0,4,1,698,98,0,29,0,10,250,0
943,73,1,2,88,388,0,10,0,4,1,780,98,0,29,0,10,250,0
950,185,0,194,320,182,0,72,0,4,1,240,168,0,102,0,10,250,0
961,343,0,83,0,238,0,75,0,4,1,627,209,0,110,0,10,250,0
965,433,0,115,0,454,0,77,0,4,1,266,125,0,122,0,10,250,0
938,49,0,196,7,341,0,69,0,4,1,326,18,0,20,1,10,250,0
952,211,0,303,0,531,0,7,0,4,1,330,18,0,20,1,10,250,0
964,396,0,166,6,589,1,72,1,4,1,410,18,0,21,9,10,250,0
956,224,0,400,3,0,0,73,0,4,1,317,71,0,25,17,10,250,0
963,367,0,421,280,65,0,73,0,4,1,948,18,0,21,25,10,250,0
962,346,0,303,313,309,0,78,0,4,2,244,18,0,20,133,10,250,0
940,58,0,301,326,381,0,79,0,4,1,59,82,0,26,195,10,250,0
967,499,0,382,198,231,0,72,1,4,1,338,71,0,25,199,10,250,0
958,254,0,342,371,474,0,74,0,4,1,312,82,0,26,200,10,250,0
966,481,0,218,381,419,0,64,1,4,1,233,113,0,136,236,10,250,0
955,221,0,36,0,128,0,73,0,4,1,790,206,0,128,0,23,250,0
268,141,0,116,257,608,0,78,0,4,1,167,37,0,74,0,0,253,0
34,355,0,331,189,512,0,70,0,4,1,928,176,0,39,0,10,254,0
272,507,0,71,126,317,0,74,1,4,1,919,37,0,74,0,0,255,0
271,421,0,400,53,31,0,75,0,4,1,381,134,0,123,47,10,255,0
270,299,0,127,365,58,0,74,1,4,1,511,163,0,100,87,10,255,0
269,133,0,23,0,64,0,76,0,4,1,605,37,0,74,108,10,255,0
310,454,0,192,370,38,0,53,1,4,1,425,9,0,198,266,0,256,0
280,388,0,304,241,91,0,52,0,4,1,155,169,0,167,0,2,257,0
130,345,0,95,91,586,0,55,0,4,1,439,192,0,106,121,0,258,0
91,275,0,389,254,462,0,57,0,4,2,474,57,0,151,300,7,259,0
480,85,0,95,51,579,0,71,0,4,2,414,124,0,34,201,10,260,0
44,501,0,98,93,533,0,59,1,4,1,842,57,0,155,301,3,261,0
11,335,0,391,0,333,0,60,1,4,1,482,83,0,223,265,0,262,0
185,3,0,255,217,313,0,53,1,4,1,525,45,0,69,0,25,263,0
141,14,0,382,221,517,0,55,1,4,1,677,27,0,146,0,3,264,0
112,320,0,421,143,47,0,56,0,0,1,259,76,0,82,80,0,265,0
190,244,0,259,103,297,0,53,1,4,2,697,95,0,135,240,10,268,0
84,477,0,411,48,214,0,58,0,4,1,634,74,0,45,0,10,270,0
35,114,0,55,232,199,0,41,1,4,1,554,141,0,208,226,10,271,0
60,460,0,382,262,317,0,60,1,4,1,393,53,0,220,264,13,272,0
64,147,0,248,96,381,0,33,1,4,1,830,199,0,233,267,4,273,0
128,442,0,95,0,599,0,56,0,4,2,650,83,0,223,0,10,274,0
361,314,0,97,212,269,0,50,0,4,1,64,140,0,192,114,2,275,0
212,5,0,246,202,526,0,52,0,4,1,78,45,0,69,0,10,276,0
136,115,0,32,229,563,0,55,1,4,1,536,18,0,20,142,10,277,0
47,160,0,373,0,469,0,42,1,3,2,365,105,0,161,268,10,278,0
119,195,0,166,331,267,2,56,1,4,1,565,57,0,154,288,10,281,0
17,266,0,248,334,604,2,60,1,4,1,164,56,0,158,271,10,282,0
253,347,0,361,374,447,0,52,0,4,1,520,176,0,40,0,10,284,0
305,8,0,413,210,432,0,28,0,4,0,841,45,0,71,0,13,285,0
309,164,0,16,258,136,0,51,1,4,1,49,152,0,98,0,0,286,0
1,530,0,396,404,40,0,10,0,4,1,281,171,0,174,278,10,0,1
2,532,0,233,252,228,0,2,1,4,1,707,136,0,165,295,10,0,1
68,608,0,109,273,384,0,0,0,4,1,165,56,0,158,0,0,1,1
72,886,0,344,134,384,0,1,1,4,1,165,56,0,158,0,10,1,1
70,664,0,52,252,230,0,4,0,4,1,874,136,0,165,0,10,1,1
69,616,0,287,36,28,0,6,0,4,1,92,56,0,158,269,10,1,1
71,835,0,177,160,324,0,1,0,4,1,372,196,0,176,276,10,1,1
67,522,0,132,87,96,0,4,0,4,1,298,56,0,158,272,13,1,1
88,980,0,289,391,127,0,0,0,4,1,789,171,0,174,0,10,2,1
103,680,0,87,149,519,2,77,1,4,1,533,196,0,176,0,10,3,1
104,844,0,384,0,50,0,4,1,4,1,438,153,0,193,0,10,3,1
105,936,0,57,0,99,0,78,1,4,1,409,134,0,123,34,10,3,1
102,548,0,264,342,40,0,77,0,4,1,399,10,0,113,51,10,3,1
153,647,0,133,0,49,0,4,0,4,1,749,56,0,158,0,0,4,1
155,869,0,218,252,527,0,79,1,4,1,691,29,0,183,275,0,4,1
148,533,0,115,299,191,0,0,0,4,1,349,196,0,176,0,10,4,1
158,955,0,315,111,345,0,76,0,4,1,513,196,0,176,0,10,4,1
149,566,0,345,224,526,0,78,0,4,1,226,29,0,183,0,10,4,1
154,721,0,363,387,540,0,77,1,4,1,333,34,0,114,52,10,4,1
150,630,0,40,31,211,0,76,1,4,1,205,171,0,174,280,10,4,1
152,640,0,6,0,372,0,76,1,4,1,945,164,0,195,284,10,4,1
156,887,0,115,342,230,0,78,0,4,1,157,2,0,180,313,10,4,1
157,946,0,422,196,436,0,0,1,4,1,420,136,0,165,320,10,4,1
151,631,0,440,211,338,0,0,0,4,1,801,196,0,176,273,20,4,1
177,796,0,108,221,618,0,75,1,4,1,227,102,0,120,46,10,5,1
203,858,0,176,181,93,0,76,0,4,1,341,171,0,174,0,0,6,1
200,731,0,166,172,35,0,74,1,4,1,793,197,0,170,0,10,6,1
204,916,0,352,53,417,0,69,1,0,1,75,171,0,174,0,10,6,1
198,707,0,452,160,72,0,74,1,4,1,817,196,0,176,0,10,6,1
205,943,0,431,320,578,0,74,0,4,1,289,13,0,181,0,10,6,1
202,795,0,171,252,571,0,75,0,4,1,193,41,0,116,35,10,6,1
201,777,0,333,2,600,0,76,1,4,1,560,119,0,121,53,10,6,1
199,722,0,377,199,436,0,75,1,4,1,56,136,0,165,318,10,6,1
332,901,0,372,190,603,0,72,0,4,1,126,203,0,108,0,0,7,1
325,695,0,37,53,493,0,6,0,4,1,305,97,0,160,0,0,7,1
322,589,0,228,0,509,0,54,1,4,1,389,136,0,165,0,0,7,1
320,571,0,382,122,47,0,79,1,4,1,327,196,0,176,0,0,7,1
324,635,0,173,0,345,0,72,0,4,1,39,29,0,183,0,0,7,1
331,897,0,88,367,562,0,76,0,4,1,621,136,0,165,322,0,7,1
330,832,0,310,252,614,0,0,0,4,1,435,41,0,116,0,10,7,1
327,798,0,285,44,74,0,10,0,4,1,201,197,0,170,0,10,7,1
318,555,0,260,0,248,0,68,1,4,1,458,196,0,176,0,10,7,1
323,632,0,196,0,186,0,72,0,4,1,478,196,0,176,0,10,7,1
317,516,0,97,138,248,0,73,0,4,1,617,196,0,176,0,10,7,1
328,822,0,367,113,577,1,73,1,4,1,623,13,0,181,0,10,7,1
333,927,0,126,0,590,0,73,0,4,1,871,159,0,125,58,10,7,1
329,827,0,439,60,251,0,73,0,4,1,642,196,0,176,274,10,7,1
321,585,0,456,135,15,0,71,1,4,1,70,29,0,183,277,10,7,1
335,978,0,218,294,476,0,75,1,4,1,720,13,0,181,281,10,7,1
334,958,0,211,44,402,0,73,0,4,1,115,13,0,181,282,10,7,1
319,570,0,218,108,615,0,74,1,4,1,375,2,0,180,314,10,7,1
326,745,0,110,387,288,0,76,1,4,1,371,136,0,165,317,10,7,1
316,122,0,342,252,15,0,72,0,4,1,561,119,0,121,55,23,7,1
39,816,0,86,0,108,0,60,1,0,1,826,57,0,155,302,3,8,1
159,815,0,121,409,113,0,69,0,4,1,708,202,0,235,248,10,9,1
78,876,0,6,252,129,0,59,1,4,1,11,140,0,192,113,13,14,1
120,659,0,84,252,14,0,57,1,4,1,886,16,0,182,118,13,15,1
100,146,0,57,331,564,0,58,1,4,1,547,8,0,175,286,13,18,1
281,613,0,208,0,613,2,72,1,4,1,169,172,0,58,148,10,21,1
901,787,0,103,0,26,0,73,1,4,1,767,179,0,196,96,10,32,1
25,772,0,256,133,66,0,78,0,4,1,81,117,0,164,0,0,33,1
282,728,0,218,387,75,2,52,1,0,1,873,157,0,194,0,10,34,1
131,294,0,234,370,130,0,56,1,4,1,82,140,0,192,41,10,36,1
213,719,0,128,0,618,0,78,0,4,1,263,190,0,62,0,10,38,1
627,657,0,218,320,410,0,72,1,4,1,671,173,0,60,164,10,39,1
111,743,0,82,200,76,0,52,1,0,1,430,191,0,232,249,10,41,1
847,503,0,176,92,427,0,73,0,4,1,803,99,0,179,95,10,42,1
45,970,0,157,53,323,0,60,1,4,1,291,143,0,94,0,0,43,1
48,760,0,2,178,216,0,59,0,4,1,669,206,0,128,0,10,45,1
397,850,0,28,185,236,0,79,0,4,1,863,69,0,23,0,10,53,1
396,753,0,115,129,289,0,77,0,4,1,247,18,0,20,205,10,53,1
587,617,0,313,275,246,0,51,0,4,1,212,140,0,191,117,10,60,1
677,517,0,136,123,98,0,78,0,4,1,34,147,0,141,0,20,63,1
137,959,0,101,398,145,0,56,1,4,1,434,52,0,76,0,10,65,1
852,545,0,41,0,427,0,76,1,4,1,803,99,0,179,95,10,67,1
96,610,0,107,163,364,0,58,0,1,1,710,148,0,166,0,0,68,1
16,685,0,393,42,634,0,61,0,4,1,197,199,0,234,0,10,71,1
915,977,0,6,0,317,0,74,1,4,1,591,99,0,179,66,10,77,1
144,773,0,233,166,102,0,56,1,4,1,195,118,0,225,250,12,80,1
86,737,0,233,365,179,0,1,1,4,1,5,180,0,126,33,10,82,1
85,687,0,440,0,179,0,79,0,4,1,7,180,0,126,33,10,82,1
349,564,0,107,0,74,0,74,0,4,1,350,115,0,90,0,0,84,1
355,751,0,359,103,495,0,78,1,4,1,271,168,0,102,0,0,84,1
347,543,0,325,0,495,0,3,0,4,1,26,203,0,108,0,0,84,1
356,791,0,126,0,580,0,76,0,4,1,51,203,0,108,0,0,84,1
351,648,0,285,252,243,0,73,0,4,1,28,203,0,108,0,10,84,1
354,696,0,301,75,238,0,72,0,4,1,260,203,0,108,0,10,84,1
348,558,0,337,342,354,0,77,0,4,1,376,203,0,108,0,10,84,1
353,692,0,429,320,238,0,75,0,4,1,667,203,0,108,0,10,84,1
359,842,0,441,122,13,0,75,1,4,1,542,1,0,112,0,10,84,1
350,621,0,332,0,549,0,75,0,4,1,100,206,0,128,0,10,84,1
352,649,0,455,0,315,0,74,1,4,1,418,206,0,128,0,10,84,1
358,841,0,400,342,565,0,76,0,4,1,609,206,0,128,0,10,84,1
346,515,0,115,122,222,0,73,0,4,1,301,206,0,128,126,10,84,1
357,793,0,168,288,94,0,7,0,4,1,268,203,0,108,0,15,84,1
370,590,0,334,160,183,0,73,0,4,1,267,55,0,77,0,0,86,1
371,637,0,326,295,136,0,74,1,4,1,491,143,0,94,0,0,86,1
376,776,0,315,85,455,0,0,0,4,1,529,207,0,15,0,10,86,1
369,568,0,211,411,445,0,2,0,4,1,757,207,0,17,0,10,86,1
375,734,0,436,53,522,0,8,0,4,1,239,207,0,19,0,10,86,1
379,957,0,57,370,646,0,74,1,4,1,898,69,0,23,0,10,86,1
368,544,0,176,383,471,0,77,0,4,1,413,98,0,29,0,10,86,1
378,949,0,215,165,356,0,10,1,4,1,506,98,0,29,0,10,86,1
373,652,0,13,104,643,0,72,0,4,1,953,17,0,47,0,10,86,1
372,643,0,271,257,467,0,79,0,4,1,476,77,0,83,0,10,86,1
367,518,0,423,53,642,0,73,1,4,1,455,203,0,108,0,10,86,1
377,824,0,319,130,417,0,7,0,4,1,857,182,0,42,1,10,86,1
374,677,0,120,160,138,0,74,0,4,1,622,99,0,179,100,10,86,1
208,814,0,439,257,172,0,61,0,0,1,608,209,0,110,0,10,87,1
387,747,0,11,0,591,0,1,0,4,1,489,168,0,102,0,0,88,1
391,962,0,414,153,495,0,75,1,4,1,490,168,0,102,0,0,88,1
388,825,0,303,300,109,0,7,0,4,2,727,207,0,17,0,10,88,1
392,965,0,359,0,494,0,76,1,4,1,540,207,0,18,0,10,88,1
390,932,0,441,53,414,0,10,1,4,1,163,98,0,29,0,10,88,1
386,691,0,373,57,202,0,5,1,4,1,711,69,0,23,1,10,88,1
389,908,0,406,226,47,0,79,1,4,1,411,50,0,22,208,10,88,1
160,786,0,282,342,41,0,10,0,4,1,938,32,0,50,309,0,89,1
448,626,0,430,215,212,0,73,0,4,1,140,37,0,74,0,0,91,1
461,797,0,104,122,19,0,10,1,4,1,62,76,0,82,0,0,91,1
458,744,0,331,21,439,0,10,0,4,1,346,76,0,82,0,0,91,1
472,935,0,393,0,506,0,78,0,4,1,498,76,0,82,0,0,91,1
444,584,0,421,252,477,0,77,0,4,1,528,76,0,82,0,0,91,1
452,663,0,78,252,89,0,72,1,4,1,577,76,0,82,0,0,91,1
454,708,0,436,252,375,0,74,0,4,1,229,93,0,87,0,0,91,1
469,896,0,211,0,86,0,74,0,4,1,345,115,0,90,0,0,91,1
451,661,0,452,0,353,0,74,1,4,1,348,115,0,90,0,0,91,1
447,603,0,329,0,641,0,79,0,4,1,827,166,0,101,0,0,91,1
442,576,0,371,139,313,0,0,1,4,1,881,166,0,101,0,0,91,1
438,552,0,230,252,90,0,51,0,4,1,745,101,0,119,0,0,91,1
459,756,0,331,168,598,0,75,0,4,1,845,50,0,22,202,9,91,1
467,860,0,196,0,229,0,73,0,4,2,628,207,0,13,0,10,91,1
450,645,0,382,32,588,0,76,1,4,1,635,207,0,18,0,10,91,1
463,821,0,196,45,361,0,78,0,4,1,582,18,0,20,0,10,91,1
460,782,0,202,6,200,0,74,0,4,1,794,18,0,20,0,10,91,1
453,665,0,236,159,310,0,3,0,4,1,184,71,0,25,0,10,91,1
437,549,0,400,371,484,0,77,0,4,1,480,71,0,25,0,10,91,1
449,633,0,218,410,484,0,0,1,4,1,480,71,0,25,0,10,91,1
432,520,0,174,405,612,0,77,1,4,1,875,71,0,25,0,10,91,1
465,854,0,218,407,569,0,78,1,4,2,63,98,0,29,0,10,91,1
440,567,0,30,118,317,0,78,0,4,1,800,112,0,32,0,10,91,1
464,837,0,6,321,317,0,76,1,4,1,800,112,0,32,0,10,91,1
446,602,0,388,0,39,0,1,1,4,1,866,146,0,57,0,10,91,1
436,546,0,234,173,141,0,72,1,4,1,882,203,0,108,0,10,91,1
457,726,0,150,387,628,0,75,0,4,1,902,203,0,108,0,10,91,1
470,910,0,236,160,184,0,73,0,4,1,180,35,0,115,0,10,91,1
443,583,0,199,0,300,0,76,1,4,1,473,35,0,115,0,10,91,1
435,537,0,57,398,336,2,72,1,4,1,181,206,0,128,0,10,91,1
468,888,0,315,107,176,0,74,0,4,1,3,4,0,129,0,10,91,1
462,804,0,223,91,466,1,73,1,4,1,630,124,0,34,1,10,91,1
433,525,0,285,263,77,0,1,0,4,1,379,71,0,25,21,10,91,1
439,557,0,119,370,565,2,73,1,4,1,862,99,0,179,62,10,91,1
466,859,0,22,0,359,0,9,0,4,1,405,99,0,179,69,10,91,1
473,954,0,419,203,589,0,74,1,4,1,475,153,0,193,92,10,91,1
445,595,0,225,252,138,0,74,1,4,1,236,99,0,179,104,10,91,1
441,572,0,452,101,542,0,74,1,4,1,158,18,0,20,138,10,91,1
434,536,0,6,17,576,0,76,1,4,1,934,82,0,26,159,10,91,1
474,967,0,393,229,176,0,68,0,4,1,782,195,0,144,235,10,91,1
456,718,0,97,396,187,0,79,0,4,1,661,124,0,34,311,10,91,1
455,712,0,232,90,302,0,73,1,4,1,320,146,0,57,327,10,91,1
471,926,0,46,342,258,0,77,1,4,1,134,38,0,51,0,23,91,1
498,794,0,215,252,123,0,76,1,4,1,174,115,0,90,0,0,92,1
501,864,0,10,257,29,0,72,0,4,1,328,177,0,103,0,0,92,1
497,735,0,315,375,630,0,74,0,4,2,797,207,0,17,0,10,92,1
506,953,0,166,100,630,0,75,1,4,2,797,207,0,17,0,10,92,1
493,526,0,194,255,253,0,78,0,4,1,649,71,0,25,0,10,92,1
502,873,0,102,221,550,1,73,1,4,1,272,35,0,115,0,10,92,1
500,852,0,439,387,254,0,72,0,4,1,53,206,0,128,0,10,92,1
499,851,0,77,0,444,0,74,1,0,1,85,99,0,179,74,10,92,1
496,682,0,201,208,166,0,74,1,4,1,716,50,0,22,152,10,92,1
495,629,0,247,271,484,0,76,1,4,1,14,18,0,20,153,10,92,1
494,620,0,166,186,466,0,76,1,4,1,532,50,0,22,162,10,92,1
504,918,0,97,350,7,0,74,0,4,1,607,124,0,34,179,10,92,1
503,885,0,460,248,566,0,79,1,4,1,624,124,0,34,181,10,92,1
505,942,0,218,166,527,0,78,1,4,1,397,18,0,20,204,10,92,1
535,733,0,303,387,108,0,2,0,4,1,48,55,0,77,0,0,93,1
547,868,0,79,252,22,0,9,0,4,1,479,93,0,87,0,0,93,1
537,767,0,408,0,631,0,74,0,4,1,160,115,0,90,0,0,93,1
548,895,0,307,139,111,0,72,0,4,1,55,203,0,108,0,0,93,1
543,836,0,215,99,355,2,10,1,4,1,589,33,0,3,0,10,93,1
545,865,0,274,379,34,0,77,0,4,1,821,150,0,10,0,10,93,1
551,933,0,117,74,375,0,74,0,4,1,593,207,0,14,0,10,93,1
540,788,0,196,69,585,0,5,0,4,2,530,207,0,17,0,10,93,1
552,937,0,365,354,365,0,73,0,4,1,125,18,0,21,0,10,93,1
532,709,0,197,150,626,0,73,1,4,1,335,18,0,21,0,10,93,1
536,765,0,213,351,264,0,73,0,4,1,799,18,0,21,0,10,93,1
544,862,0,166,365,68,0,74,1,4,1,58,110,0,89,0,10,93,1
553,975,0,194,53,317,0,77,0,4,1,265,168,0,102,0,10,93,1
549,903,0,66,0,137,0,75,1,4,1,404,203,0,108,0,10,93,1
541,790,0,288,229,504,0,76,0,4,1,292,156,0,142,0,10,93,1
531,704,0,326,37,450,0,75,1,4,1,234,71,0,25,1,10,93,1
534,720,0,283,234,291,0,75,1,4,1,429,112,0,32,1,10,93,1
550,920,0,365,203,368,0,75,0,4,1,189,18,0,20,3,10,93,1
529,519,0,166,103,359,0,72,1,4,1,166,99,0,179,70,10,93,1
542,803,0,176,3,456,0,1,0,4,1,641,71,0,25,134,10,93,1
546,867,0,5,130,527,0,74,0,4,2,597,18,0,20,141,10,93,1
539,780,0,80,0,305,0,73,1,4,1,211,98,0,29,173,10,93,1
533,710,0,328,70,330,0,3,0,4,1,613,124,0,34,183,10,93,1
538,778,0,152,120,146,0,0,1,4,1,461,112,0,32,187,10,93,1
530,575,0,261,347,32,0,3,0,4,1,610,195,0,144,227,10,93,1
581,922,0,109,190,498,0,73,0,4,1,476,77,0,83,0,0,95,1
575,706,0,155,0,503,0,75,1,4,1,170,166,0,101,0,0,95,1
569,569,0,135,320,503,0,74,0,4,1,428,166,0,101,0,0,95,1
579,891,0,134,2,409,0,75,1,4,1,356,177,0,103,0,0,95,1
567,542,0,253,103,378,0,77,1,4,1,443,207,0,15,0,10,95,1
584,956,0,362,111,585,0,7,0,4,2,530,207,0,17,0,10,95,1
578,840,0,22,46,123,0,0,0,4,1,65,50,0,22,0,10,95,1
568,563,0,168,160,148,0,75,0,4,1,128,146,0,57,0,10,95,1
576,724,0,226,53,403,0,78,0,4,1,795,146,0,57,0,10,95,1
583,952,0,220,344,316,0,79,0,4,1,300,110,0,89,0,10,95,1
571,623,0,57,40,380,0,0,1,4,1,4,113,0,136,0,10,95,1
572,671,0,227,191,252,0,2,1,4,1,2,195,0,144,0,10,95,1
573,672,0,331,91,589,0,75,0,4,1,470,153,0,193,0,10,95,1
580,911,0,357,261,530,0,74,0,4,1,378,71,0,25,1,10,95,1
570,598,0,131,204,579,0,77,0,4,1,396,18,0,20,6,10,95,1
577,774,0,393,21,4,0,73,0,4,1,379,71,0,25,15,10,95,1
574,684,0,292,229,402,0,79,0,4,1,248,18,0,20,156,10,95,1
585,969,0,410,53,546,0,74,0,4,1,108,146,0,57,315,10,95,1
582,924,0,447,20,188,0,76,1,4,1,816,147,0,141,0,20,95,1
107,898,0,244,0,237,0,78,0,4,1,705,180,0,126,42,10,96,1
216,524,0,218,380,8,0,53,1,0,1,137,57,0,151,0,10,97,1
623,714,0,441,75,238,0,78,1,4,1,477,77,0,83,0,0,98,1
614,586,0,141,342,449,0,73,0,4,1,33,168,0,102,0,0,98,1
619,625,0,433,299,497,0,73,0,4,1,484,203,0,108,0,0,98,1
613,565,0,264,21,532,0,3,0,4,1,603,33,0,3,0,10,98,1
617,604,0,450,0,617,0,4,0,4,1,685,98,0,29,0,10,98,1
622,686,0,81,378,48,0,74,0,4,2,414,124,0,34,0,10,98,1
621,655,0,102,221,463,0,79,1,4,1,415,62,0,53,0,10,98,1
618,615,0,45,377,238,1,43,1,4,1,784,110,0,89,0,10,98,1
615,587,0,215,103,151,0,75,1,4,1,215,168,0,102,0,10,98,1
616,599,0,36,324,293,0,73,0,4,1,666,71,0,25,1,10,98,1
624,764,0,226,284,12,0,0,1,4,1,808,18,0,20,20,10,98,1
626,871,0,256,0,402,0,8,0,4,1,715,99,0,178,68,10,98,1
625,853,0,42,322,619,0,75,1,4,1,702,50,0,22,211,10,98,1
620,644,0,216,54,98,0,70,1,4,1,847,156,0,142,221,10,98,1
612,547,0,353,355,572,0,76,0,4,2,414,124,0,34,0,23,98,1
665,863,0,301,365,525,0,72,0,4,1,15,203,0,108,0,0,100,1
657,646,0,129,0,604,0,8,0,4,1,50,104,0,86,88,0,100,1
654,534,0,107,0,409,0,75,0,4,1,614,206,0,128,0,1,100,1
664,820,0,392,0,311,0,75,1,4,1,194,98,0,29,0,10,100,1
668,944,0,5,68,443,0,10,0,4,2,412,98,0,29,0,10,100,1
671,976,0,452,276,31,0,74,1,4,1,142,125,0,122,0,10,100,1
653,527,0,276,84,618,0,1,0,4,1,141,206,0,128,0,10,100,1
663,808,0,305,221,220,0,0,0,4,1,275,206,0,128,0,10,100,1
669,951,0,315,385,222,0,76,0,4,1,325,206,0,128,0,10,100,1
655,551,0,133,414,328,0,73,0,4,1,805,195,0,144,0,10,100,1
656,594,0,452,236,4,0,73,1,4,1,288,124,0,34,1,10,100,1
667,929,0,153,381,579,0,76,1,4,1,396,18,0,20,6,10,100,1
662,771,0,26,406,589,0,72,1,4,1,13,153,0,193,93,10,100,1
670,974,0,337,131,631,0,0,0,4,2,238,18,0,20,154,10,100,1
666,900,0,340,376,54,0,78,0,0,1,258,18,0,21,207,10,100,1
659,668,0,196,68,284,0,0,0,4,1,135,146,0,57,326,10,100,1
661,688,0,376,0,370,0,78,1,0,1,278,207,0,13,0,23,100,1
658,667,0,259,0,374,0,10,1,4,1,850,98,0,29,0,23,100,1
660,683,0,322,348,443,0,74,0,4,1,112,18,0,20,132,23,100,1
135,789,0,311,0,553,0,77,1,4,1,604,146,0,57,0,10,101,1
217,601,0,371,88,625,0,75,1,4,1,467,190,0,62,0,10,102,1
779,752,0,428,370,634,0,77,1,4,1,344,66,0,81,0,0,103,1
803,839,0,62,0,308,0,76,0,4,1,98,115,0,90,0,0,103,1
745,559,0,218,119,74,0,72,1,4,1,367,163,0,100,0,0,103,1
790,800,0,281,21,234,0,78,1,4,1,347,166,0,101,0,0,103,1
787,784,0,397,366,74,0,10,1,4,1,771,166,0,101,0,0,103,1
749,577,0,156,0,42,0,74,0,4,1,883,166,0,101,0,0,103,1
776,741,0,300,139,108,0,10,1,0,1,127,177,0,103,0,0,103,1
814,884,0,215,53,618,0,73,1,4,1,12,203,0,108,0,0,103,1
771,705,1,371,387,422,0,78,0,4,1,663,207,0,13,0,3,103,1
827,981,0,97,0,63,0,73,0,4,1,659,33,0,3,0,10,103,1
744,556,0,382,103,63,0,10,1,4,1,659,33,0,3,0,10,103,1
788,785,0,96,342,34,0,73,0,4,1,569,150,0,10,0,10,103,1
821,909,0,211,299,247,0,78,0,0,1,829,150,0,10,0,10,103,1
785,779,0,414,190,140,1,73,1,4,2,334,207,0,14,0,10,103,1
793,811,0,156,216,79,0,72,0,4,1,592,207,0,14,0,10,103,1
746,560,0,78,75,453,0,10,1,4,1,89,207,0,15,0,10,103,1
757,609,0,382,298,30,0,73,1,4,1,541,207,0,17,0,10,103,1
774,729,0,144,4,173,0,76,1,4,1,631,207,0,17,0,10,103,1
820,906,0,373,103,647,0,10,1,4,1,652,207,0,19,0,10,103,1
773,723,0,12,257,277,0,73,0,4,1,17,18,0,20,0,10,103,1
795,819,0,295,327,105,0,72,0,4,1,222,18,0,20,0,10,103,1
810,879,0,197,43,225,1,74,1,4,1,746,18,0,20,0,10,103,1
794,812,0,95,151,153,0,74,0,4,1,217,18,0,21,0,10,103,1
818,904,0,35,141,502,0,76,0,4,1,406,18,0,21,0,10,103,1
754,596,0,7,352,569,0,78,0,4,1,63,98,0,29,0,10,103,1
816,899,0,46,320,604,0,10,1,4,1,107,98,0,29,0,10,103,1
786,781,0,161,342,119,0,77,1,4,2,156,98,0,29,0,10,103,1
808,875,0,307,88,307,0,76,0,4,1,535,98,0,29,0,10,103,1
760,641,0,109,286,281,0,10,0,4,1,700,98,0,29,0,10,103,1
797,826,0,414,320,527,0,73,1,4,1,786,98,0,29,0,10,103,1
765,675,0,315,335,194,0,72,0,4,1,206,124,0,34,0,10,103,1
747,573,0,321,1,180,0,72,1,4,1,897,182,0,42,0,10,103,1
742,529,0,307,320,194,0,79,0,4,1,31,38,0,51,0,10,103,1
748,574,0,78,139,194,0,2,1,4,1,31,38,0,51,0,10,103,1
825,964,0,144,221,631,0,70,1,4,1,734,38,0,51,0,10,103,1
743,550,0,206,365,561,0,0,1,4,1,846,38,0,51,0,10,103,1
761,642,0,360,221,636,0,75,1,4,1,424,62,0,53,0,10,103,1
826,971,0,166,387,5,0,71,1,4,1,177,173,0,60,0,10,103,1
769,697,0,422,387,238,1,73,1,4,1,788,110,0,89,0,10,103,1
770,700,0,78,139,100,0,5,1,0,1,487,168,0,102,0,10,103,1
792,809,0,303,103,263,0,79,0,4,1,106,203,0,108,0,10,103,1
762,658,0,14,53,261,0,73,0,4,1,113,203,0,108,0,10,103,1
781,759,0,233,160,242,0,75,1,4,1,488,203,0,108,0,10,103,1
799,829,0,175,122,596,0,0,0,4,1,539,209,0,110,0,10,103,1
741,124,0,284,221,141,0,75,0,4,1,383,35,0,115,0,10,103,1
805,845,0,139,0,402,0,73,0,4,1,747,125,0,122,0,10,103,1
768,681,0,290,401,462,0,73,1,4,1,282,206,0,128,0,10,103,1
830,987,0,337,0,618,0,76,0,4,1,932,206,0,128,0,10,103,1
817,902,0,147,28,328,0,73,1,4,1,104,147,0,141,0,10,103,1
758,612,0,358,370,98,0,0,0,4,1,912,147,0,141,0,10,103,1
767,679,0,354,229,142,0,72,1,4,1,825,156,0,142,0,10,103,1
783,763,0,21,317,441,0,75,0,4,1,950,156,0,142,0,10,103,1
823,941,0,103,6,176,2,75,1,4,1,931,195,0,144,0,10,103,1
752,588,0,178,16,149,0,75,1,4,1,252,18,0,21,1,10,103,1
802,838,0,337,406,299,0,78,0,4,1,465,50,0,22,1,10,103,1
789,799,0,281,117,579,0,74,1,4,1,444,71,0,25,1,10,103,1
777,742,0,221,300,631,0,74,0,4,1,674,71,0,25,1,10,103,1
815,894,0,71,18,622,1,73,1,4,1,952,71,0,25,1,10,103,1
763,662,0,110,214,206,0,73,1,4,1,237,82,0,26,1,10,103,1
796,823,0,389,363,153,0,79,0,4,1,370,82,0,26,1,10,103,1
819,905,0,195,306,581,0,74,0,4,1,571,124,0,34,1,10,103,1
822,912,0,314,285,426,0,76,1,4,1,752,124,0,34,1,10,103,1
778,749,0,439,282,330,0,75,0,4,1,307,18,0,20,7,10,103,1
753,593,0,115,371,82,0,79,0,4,1,468,71,0,25,22,10,103,1
809,878,0,18,0,396,0,72,0,4,1,203,180,0,126,32,10,103,1
804,843,0,340,127,248,0,3,0,4,1,559,99,0,178,61,10,103,1
813,883,0,169,0,543,0,74,1,4,1,417,42,0,184,73,10,103,1
801,834,0,343,0,178,0,73,0,4,1,35,99,0,178,75,10,103,1
811,880,0,451,0,230,0,73,1,4,1,670,42,0,184,94,10,103,1
751,581,0,60,330,304,0,72,0,4,1,54,168,0,102,128,10,103,1
766,676,0,303,180,74,0,3,0,4,1,111,18,0,20,130,10,103,1
775,730,0,399,333,120,0,78,0,4,1,130,71,0,25,135,10,103,1
759,638,0,233,19,49,1,74,1,4,1,91,18,0,20,136,10,103,1
755,606,0,112,91,377,0,72,0,4,1,200,18,0,21,137,10,103,1
756,607,0,218,115,132,0,75,0,4,1,759,18,0,20,178,10,103,1
806,848,0,57,115,644,1,73,1,4,1,944,112,0,32,188,10,103,1
798,828,0,336,24,390,0,78,0,4,1,809,82,0,26,192,10,103,1
772,716,0,331,142,6,0,72,0,4,1,66,82,0,26,193,10,103,1
782,762,0,382,311,527,0,74,1,4,1,284,82,0,26,198,10,103,1
824,948,0,253,252,452,0,76,1,4,1,737,18,0,20,212,10,103,1
807,872,0,382,148,92,0,76,1,4,1,818,156,0,142,215,10,103,1
784,770,0,218,184,328,0,74,1,4,1,833,156,0,142,218,10,103,1
828,985,0,5,372,292,0,78,0,4,1,79,147,0,141,225,10,103,1
800,830,0,398,102,187,0,74,1,4,1,423,124,0,34,312,10,103,1
750,580,0,273,0,457,0,77,0,4,1,664,146,0,57,324,10,103,1
791,801,0,424,30,117,0,74,1,4,1,496,18,0,20,0,20,103,1
780,757,0,189,265,108,0,73,1,4,1,581,18,0,20,0,20,103,1
829,986,0,176,50,209,0,1,0,4,1,836,18,0,21,4,20,103,1
764,666,0,184,252,314,0,4,1,4,1,214,111,0,7,0,23,103,1
812,881,0,315,111,263,0,73,0,4,1,316,82,0,26,158,23,103,1
836,717,0,215,252,498,0,72,1,4,1,600,207,0,17,0,10,105,1
837,934,0,26,221,405,0,67,1,4,1,761,35,0,115,0,10,105,1
850,988,0,197,240,319,0,72,1,4,1,139,66,0,81,83,0,106,1
113,890,0,444,0,189,0,77,1,4,1,909,180,0,126,36,10,109,1
859,807,0,365,387,637,0,73,0,4,1,764,173,0,60,0,0,111,1
860,810,0,222,412,52,0,77,1,4,1,494,18,0,20,18,10,111,1
858,538,0,217,0,276,1,70,1,4,1,753,103,0,188,91,10,111,1
227,670,0,267,71,393,0,76,1,4,1,19,176,0,39,0,23,113,1
873,622,0,92,229,118,0,72,0,4,1,374,66,0,81,0,10,115,1
895,874,0,331,122,242,0,72,0,4,1,97,203,0,108,0,0,116,1
124,928,0,105,88,250,0,57,1,1,1,364,187,0,168,0,0,117,1
924,750,0,174,88,80,0,75,1,4,1,296,173,0,60,0,10,118,1
933,855,0,10,387,313,0,73,0,4,1,719,7,0,72,0,10,120,1
73,963,0,218,305,13,0,59,1,0,1,354,206,0,128,0,10,122,1
167,673,0,366,39,195,0,55,0,4,1,454,91,0,86,79,10,131,1
874,624,0,55,0,318,0,68,1,4,1,760,99,0,179,97,10,135,1
303,917,0,170,122,0,0,52,0,4,1,687,87,0,159,0,10,136,1
292,18,0,317,2,296,0,23,1,4,1,905,129,0,139,0,24,141,1
15,732,0,54,103,527,0,61,0,4,1,626,57,0,151,0,0,144,1
50,768,0,405,15,46,0,60,0,4,1,9,58,0,221,263,5,146,1
52,592,0,243,2,606,0,60,0,4,1,442,45,0,70,0,13,147,1
62,758,0,90,358,527,0,45,0,4,1,210,141,0,208,0,0,154,1
41,740,0,320,367,645,0,60,0,4,1,171,109,0,205,0,10,158,1
674,698,0,165,0,438,0,73,0,4,1,892,173,0,59,0,10,163,1
673,660,0,171,0,346,0,75,0,4,1,892,173,0,59,0,10,163,1
675,831,0,441,172,153,0,76,1,4,1,773,99,0,179,99,10,163,1
59,775,0,36,0,579,0,60,0,4,1,522,76,0,82,0,0,173,1
279,579,0,261,156,193,0,19,2,3,2,270,23,0,48,0,0,175,1
289,923,0,309,304,297,0,52,0,4,1,96,166,0,101,0,0,184,1
295,915,0,237,122,428,0,73,0,4,1,280,64,0,54,0,10,186,1
300,833,0,187,231,134,1,52,1,4,1,885,48,0,30,165,17,193,1
121,528,0,18,23,287,0,39,0,4,1,888,178,0,104,0,0,194,1
896,634,0,373,283,365,0,75,1,4,1,878,18,0,20,163,10,195,1
925,669,0,160,192,547,2,5,1,4,1,515,18,0,21,8,19,198,1
360,961,0,79,0,261,0,72,0,4,1,936,203,0,108,0,0,205,1
183,618,0,149,35,442,0,74,0,4,1,339,78,0,6,0,10,211,1
288,539,0,91,32,548,2,52,1,4,1,398,74,0,45,0,0,212,1
218,614,0,331,0,215,0,75,0,4,1,154,134,0,123,0,10,215,1
165,766,0,233,405,490,0,53,1,4,1,717,47,0,219,258,10,217,1
846,984,1,394,21,87,0,10,0,4,1,668,207,0,16,0,10,219,1
845,553,0,236,245,298,0,4,0,4,1,225,50,0,22,1,10,219,1
140,582,0,452,0,37,0,56,1,1,1,820,167,0,230,0,10,220,1
851,748,0,437,6,319,0,67,0,4,1,139,66,0,81,0,23,221,1
224,689,0,206,0,592,0,79,1,4,1,204,209,0,110,0,0,222,1
225,727,0,297,0,116,0,74,0,4,1,38,104,0,86,0,10,222,1
226,982,0,46,21,571,0,2,1,4,1,25,149,0,96,0,10,222,1
865,846,0,200,0,427,0,74,1,4,1,718,99,0,179,98,10,224,1
118,711,0,166,393,161,0,57,1,4,1,558,107,0,31,0,10,225,1
171,656,0,57,229,578,0,54,1,4,1,274,75,0,95,0,25,226,1
232,578,0,285,221,571,0,78,0,4,1,60,178,0,104,0,10,227,1
233,792,0,115,0,78,0,2,0,4,1,331,178,0,104,0,10,227,1
870,938,0,100,82,461,0,79,0,4,1,728,207,0,14,0,10,228,1
871,972,0,263,387,560,0,78,0,4,1,658,163,0,100,0,10,228,1
869,783,0,145,22,295,0,73,0,4,1,660,18,0,21,1,10,228,1
238,813,0,13,88,67,0,74,0,4,1,618,37,0,74,106,0,229,1
239,889,0,10,252,605,0,72,0,4,1,105,91,0,86,0,10,229,1
237,371,0,342,160,221,0,73,0,4,1,47,178,0,104,0,10,229,1
885,650,0,357,21,631,0,77,0,4,1,588,33,0,3,0,10,230,1
890,973,1,371,122,579,0,10,0,4,1,390,207,0,14,0,10,230,1
889,950,1,371,160,400,0,10,0,4,1,587,207,0,19,0,10,230,1
887,919,0,388,0,290,0,74,1,4,1,122,189,0,61,0,10,230,1
888,940,0,185,221,574,0,74,1,4,1,787,7,0,72,0,10,230,1
884,523,0,29,190,375,1,72,1,4,1,646,37,0,74,0,10,230,1
883,220,0,349,33,342,0,72,1,4,1,52,112,0,32,1,10,230,1
886,651,0,194,282,257,0,74,0,4,1,599,18,0,20,139,10,230,1
243,983,0,238,0,103,0,74,0,4,1,639,163,0,100,0,10,231,1
246,636,0,95,342,13,0,78,0,4,1,453,37,0,74,0,0,234,1
245,562,0,375,342,212,0,77,0,4,1,552,37,0,74,0,0,234,1
247,702,0,198,0,212,0,76,1,4,1,956,137,0,92,44,10,234,1
899,866,0,166,80,441,0,79,1,4,1,811,209,0,110,0,10,235,1
900,913,0,190,0,518,0,73,1,4,1,633,71,0,25,140,10,235,1
252,713,0,181,21,68,0,5,0,4,1,507,120,0,91,0,0,236,1
251,611,0,356,0,181,0,77,0,4,1,906,178,0,104,0,10,236,1
911,761,0,32,288,635,0,77,0,4,1,653,37,0,74,0,0,242,1
912,907,0,441,139,420,0,10,1,4,1,686,207,0,15,0,10,242,1
914,989,0,157,343,361,0,72,1,4,1,445,207,0,19,0,10,242,1
909,627,0,182,286,192,0,10,0,4,1,580,207,0,19,0,10,242,1
910,653,0,69,0,339,0,78,1,4,1,860,207,0,19,0,10,242,1
913,966,0,331,31,96,0,74,0,4,1,754,82,0,26,197,10,242,1
257,531,0,46,221,320,0,73,1,4,1,299,65,0,80,0,0,243,1
258,561,0,97,21,462,0,75,0,4,1,620,209,0,110,0,10,243,1
923,882,0,22,103,446,0,51,0,0,1,433,57,0,150,0,0,244,1
922,654,0,459,106,527,0,74,1,4,1,941,50,0,22,161,10,244,1
262,755,0,441,252,571,0,0,1,4,1,290,37,0,74,0,0,246,1
261,739,0,339,342,582,0,73,0,4,1,804,209,0,110,0,10,246,1
930,674,0,196,34,345,0,72,0,4,1,84,37,0,74,107,0,247,1
932,979,0,342,287,115,0,72,0,4,2,132,207,0,15,0,10,247,1
931,877,1,425,320,329,0,77,0,4,1,124,207,0,18,0,10,247,1
929,521,0,114,296,126,0,73,1,4,1,509,71,0,25,1,10,247,1
265,725,0,441,199,317,0,77,1,4,1,119,37,0,74,0,0,249,1
264,693,0,59,88,130,0,74,0,4,1,619,155,0,99,0,0,249,1
263,628,0,368,221,148,0,77,1,4,1,136,155,0,99,0,10,249,1
266,930,0,0,252,212,0,1,1,4,1,876,209,0,110,0,10,249,1
982,736,0,176,365,620,0,75,0,4,1,521,143,0,94,0,0,250,1
980,701,0,143,286,275,0,10,0,4,1,254,33,0,3,0,10,250,1
996,947,0,218,407,171,0,78,1,4,1,576,33,0,3,0,10,250,1
989,849,0,315,158,575,0,73,0,4,1,588,33,0,3,0,10,250,1
995,925,0,393,103,583,0,75,0,4,1,150,207,0,14,0,10,250,1
973,600,0,46,103,161,0,10,1,4,1,450,207,0,15,0,10,250,1
983,738,0,299,286,597,0,10,0,4,1,384,207,0,18,0,10,250,1
988,818,1,315,342,532,0,10,0,4,1,584,207,0,18,0,10,250,1
979,699,0,166,387,25,0,77,1,4,1,755,207,0,18,0,10,250,1
998,968,0,142,286,311,0,74,0,4,1,363,207,0,19,0,10,250,1
981,703,0,315,160,630,0,75,0,4,1,394,207,0,19,0,10,250,1
990,856,0,274,340,274,0,77,0,4,1,235,71,0,25,0,10,250,1
978,694,0,336,3,595,0,75,0,4,1,256,71,0,25,0,10,250,1
987,817,0,393,352,131,0,77,0,4,1,337,98,0,29,0,10,250,1
994,914,0,107,98,448,0,77,0,4,1,276,124,0,34,0,10,250,1
972,597,0,233,170,527,0,77,1,4,2,414,124,0,34,0,10,250,1
993,893,0,234,207,261,0,72,1,4,1,315,110,0,89,0,10,250,1
976,678,0,272,0,95,0,2,1,0,1,868,206,0,128,0,10,250,1
968,535,0,369,329,456,0,4,0,4,1,88,18,0,20,1,10,250,1
985,805,0,342,55,309,0,0,0,4,1,23,18,0,21,1,10,250,1
974,619,0,393,396,6,0,73,0,4,1,61,182,0,42,1,10,250,1
977,690,0,204,361,203,0,77,0,4,1,527,18,0,20,2,10,250,1
991,861,0,111,376,51,2,73,1,4,1,777,18,0,21,10,10,250,1
986,806,0,133,114,245,0,77,0,0,2,875,71,0,25,160,10,250,1
975,639,0,58,38,268,0,74,1,0,1,302,207,0,16,167,10,250,1
997,960,0,235,352,130,0,77,0,4,1,732,82,0,26,190,10,250,1
984,769,0,43,155,491,0,72,1,4,1,848,18,0,21,194,10,250,1
971,591,0,444,9,571,0,78,1,4,1,86,147,0,141,223,10,250,1
992,870,0,264,369,507,0,78,0,4,1,899,195,0,144,228,10,250,1
969,541,0,426,122,128,0,75,1,4,1,790,206,0,128,0,23,250,1
970,554,0,196,0,434,0,73,0,4,1,616,124,0,34,180,23,250,1
267,847,0,453,345,366,0,1,1,0,1,538,163,0,100,0,10,251,1
275,857,0,210,152,377,0,0,0,4,1,472,66,0,81,0,0,255,1
273,540,0,346,251,488,0,9,0,4,1,832,91,0,86,105,0,255,1
274,715,0,453,253,153,0,77,0,4,1,192,37,0,74,0,10,255,1
276,921,0,441,208,221,0,76,1,4,1,77,178,0,104,0,10,255,1
481,754,0,193,221,249,0,10,1,4,1,426,51,0,75,0,0,260,1
296,802,0,206,229,611,0,52,1,0,1,471,66,0,81,0,0,266,1
19,892,0,124,352,164,0,61,0,4,1,481,204,0,171,298,10,267,1
175,605,0,137,387,256,0,55,0,4,1,682,140,0,192,116,10,269,1
866,945,0,185,145,255,0,78,1,4,1,683,179,0,196,101,10,279,1
51,939,0,39,200,424,0,59,1,4,1,343,22,0,216,251,10,280,1
97,931,0,380,115,386,0,57,1,4,1,721,151,0,97,305,15,283,1
99,746,0,448,179,421,0,21,0,4,1,602,117,0,164,0,0,287,1
831,990,0,65,88,308,0,11,1,4,1,98,115,0,90,0,0,103,2
832,991,0,57,0,414,0,11,1,4,1,598,98,0,29,0,10,103,2
37,993,0,251,250,415,0,15,0,4,2,844,204,0,171,144,10,19,3
833,992,0,342,0,374,0,11,0,3,1,220,98,0,29,172,10,103,3
307,995,0,133,202,111,0,53,0,0,1,421,74,0,43,0,10,197,4
478,994,0,240,345,468,0,18,1,4,2,27,24,0,49,0,4,209,4
40,996,0,57,103,567,0,61,1,4,1,918,114,0,163,289,0,156,5
58,997,0,440,379,482,0,12,0,0,1,340,57,0,150,0,0,252,5
22,998,0,327,209,445,0,13,0,4,1,880,6,0,237,0,10,151,6
